{
    "found_at_generation": 604,
    "best_cost": 373122.62894508784,
    "detalhes": {
        "distance": 85935.17776604871,
        "penalty": 287187.45117903914,
        "refuel_stops": 9
    },
    "best_chromosome (delivery_order)": [
        35,
        27,
        26,
        18,
        21,
        15,
        39,
        43,
        32,
        46,
        19,
        11,
        37,
        8,
        6,
        36,
        17,
        5,
        29,
        12,
        31,
        33,
        2,
        4,
        41,
        23,
        13,
        22,
        24,
        14,
        38,
        1,
        9,
        7,
        28,
        3,
        34,
        44,
        25,
        40,
        45,
        42,
        16
    ],
    "full_path_with_bases": [
        0,
        35,
        27,
        26,
        18,
        21,
        15,
        0,
        39,
        43,
        32,
        46,
        19,
        11,
        37,
        8,
        0,
        6,
        36,
        17,
        5,
        29,
        12,
        20,
        31,
        33,
        2,
        4,
        41,
        47,
        23,
        13,
        22,
        24,
        14,
        10,
        38,
        1,
        9,
        47,
        7,
        28,
        47,
        3,
        34,
        44,
        25,
        47,
        40,
        45,
        30,
        42,
        16,
        30
    ]
}