{
    "generation": 8000,
    "best_cost": 160058.8503059071,
    "detalhes": {
        "distance": 57016.85367491628,
        "penalty": 103041.99663099083,
        "refuel_stops": 6
    },
    "best_chromosome (delivery_order)": [
        39,
        37,
        8,
        32,
        14,
        35,
        17,
        43,
        42,
        16,
        26,
        18,
        36,
        5,
        27,
        29,
        46,
        31,
        24,
        12,
        22,
        2,
        15,
        4,
        23,
        9,
        34,
        44,
        1,
        28,
        33,
        40,
        21,
        11,
        45,
        6,
        7,
        19,
        13,
        38,
        41,
        25,
        3
    ],
    "full_path_with_bases": [
        0,
        39,
        37,
        8,
        32,
        14,
        35,
        17,
        43,
        30,
        42,
        16,
        26,
        18,
        36,
        5,
        27,
        29,
        46,
        20,
        31,
        24,
        12,
        22,
        2,
        15,
        4,
        47,
        23,
        9,
        34,
        44,
        1,
        28,
        47,
        33,
        40,
        21,
        11,
        45,
        6,
        30,
        7,
        19,
        13,
        38,
        47,
        41,
        25,
        3,
        47
    ]
}