{
    "generation": 2000,
    "best_cost": 235882.73220923994,
    "detalhes": {
        "distance": 69986.5739537096,
        "penalty": 165896.15825553035,
        "refuel_stops": 8
    },
    "best_chromosome (delivery_order)": [
        17,
        27,
        35,
        39,
        8,
        43,
        42,
        26,
        16,
        18,
        36,
        29,
        38,
        31,
        2,
        15,
        4,
        1,
        9,
        34,
        44,
        23,
        24,
        12,
        46,
        19,
        13,
        22,
        21,
        7,
        40,
        33,
        28,
        41,
        45,
        5,
        6,
        32,
        14,
        37,
        11,
        3,
        25
    ],
    "full_path_with_bases": [
        0,
        17,
        27,
        35,
        39,
        8,
        43,
        30,
        42,
        26,
        16,
        18,
        36,
        29,
        38,
        31,
        20,
        2,
        15,
        4,
        47,
        1,
        9,
        34,
        44,
        23,
        47,
        24,
        12,
        46,
        19,
        13,
        22,
        21,
        7,
        0,
        40,
        33,
        28,
        41,
        47,
        45,
        5,
        6,
        32,
        14,
        37,
        30,
        11,
        10,
        3,
        25,
        47
    ]
}