{
    "generation": 4000,
    "best_cost": 226941.78669124912,
    "detalhes": {
        "distance": 71475.76653128315,
        "penalty": 155466.02015996596,
        "refuel_stops": 8
    },
    "best_chromosome (delivery_order)": [
        17,
        27,
        35,
        39,
        8,
        43,
        42,
        26,
        18,
        36,
        5,
        29,
        46,
        31,
        24,
        12,
        2,
        15,
        4,
        1,
        9,
        34,
        44,
        23,
        38,
        19,
        13,
        22,
        21,
        7,
        37,
        40,
        33,
        28,
        41,
        45,
        16,
        6,
        32,
        14,
        11,
        3,
        25
    ],
    "full_path_with_bases": [
        0,
        17,
        27,
        35,
        39,
        8,
        43,
        30,
        42,
        26,
        18,
        36,
        5,
        29,
        46,
        31,
        20,
        24,
        12,
        2,
        15,
        4,
        47,
        1,
        9,
        34,
        44,
        23,
        47,
        38,
        19,
        13,
        22,
        21,
        7,
        0,
        37,
        40,
        33,
        28,
        41,
        47,
        45,
        16,
        6,
        30,
        32,
        14,
        11,
        10,
        3,
        25,
        47
    ]
}