{
    "generation": 6000,
    "best_cost": 191202.64620417537,
    "detalhes": {
        "distance": 66334.3810334695,
        "penalty": 124868.26517070587,
        "refuel_stops": 7
    },
    "best_chromosome (delivery_order)": [
        39,
        14,
        32,
        37,
        8,
        35,
        27,
        17,
        43,
        42,
        16,
        26,
        18,
        36,
        5,
        29,
        46,
        31,
        24,
        12,
        22,
        2,
        15,
        4,
        1,
        9,
        34,
        44,
        23,
        38,
        19,
        13,
        7,
        45,
        6,
        11,
        25,
        3,
        28,
        21,
        40,
        33,
        41
    ],
    "full_path_with_bases": [
        0,
        39,
        14,
        32,
        37,
        8,
        35,
        27,
        17,
        43,
        30,
        42,
        16,
        26,
        18,
        36,
        5,
        29,
        46,
        31,
        20,
        24,
        12,
        22,
        2,
        15,
        4,
        47,
        1,
        9,
        34,
        44,
        23,
        47,
        38,
        19,
        13,
        7,
        0,
        45,
        6,
        11,
        10,
        25,
        3,
        28,
        47,
        21,
        40,
        33,
        41,
        47
    ]
}