{
    "found_at_generation": 155,
    "best_cost": 3743665.6776874503,
    "detalhes": {
        "distance": 156431.85417803642,
        "penalty": 3587233.8235094137,
        "refuel_stops": 43
    },
    "best_chromosome (delivery_order)": [
        35,
        45,
        26,
        17,
        39,
        1,
        23,
        31,
        36,
        37,
        27,
        8,
        15,
        22,
        13,
        4,
        34,
        28,
        44,
        12,
        18,
        43,
        11,
        14,
        32,
        24,
        38,
        29,
        6,
        33,
        46,
        42,
        19,
        2,
        40,
        41,
        16,
        7,
        21,
        3,
        25,
        5,
        9
    ],
    "full_path_with_bases": [
        0,
        0,
        35,
        30,
        45,
        30,
        26,
        30,
        17,
        30,
        39,
        0,
        1,
        47,
        23,
        47,
        31,
        20,
        36,
        30,
        37,
        30,
        27,
        30,
        8,
        0,
        15,
        0,
        22,
        10,
        13,
        10,
        4,
        47,
        34,
        47,
        28,
        47,
        44,
        47,
        12,
        20,
        18,
        30,
        43,
        30,
        11,
        10,
        14,
        10,
        32,
        10,
        24,
        20,
        38,
        47,
        29,
        30,
        6,
        30,
        33,
        10,
        46,
        20,
        42,
        30,
        19,
        10,
        2,
        10,
        40,
        0,
        41,
        47,
        16,
        30,
        7,
        0,
        21,
        0,
        3,
        47,
        25,
        47,
        5,
        30,
        9,
        47
    ]
}