{
    "found_at_generation": 2086,
    "best_cost": 237466921.73122522,
    "details": {
        "distance": 136534.0318855606,
        "penalty": 237330387.69933966,
        "refuel_stops": 43
    },
    "best_chromosome (delivery_order)": [
        21,
        22,
        24,
        23,
        4,
        38,
        39,
        8,
        37,
        35,
        6,
        17,
        42,
        43,
        18,
        27,
        14,
        7,
        15,
        45,
        5,
        12,
        46,
        13,
        33,
        11,
        28,
        9,
        34,
        41,
        31,
        44,
        3,
        40,
        2,
        19,
        36,
        32,
        29,
        26,
        16,
        25,
        1
    ],
    "full_path_with_bases": [
        0,
        0,
        21,
        0,
        22,
        10,
        24,
        20,
        23,
        47,
        4,
        47,
        38,
        47,
        39,
        0,
        8,
        0,
        37,
        30,
        35,
        30,
        6,
        30,
        17,
        30,
        42,
        30,
        43,
        30,
        18,
        30,
        27,
        30,
        14,
        10,
        7,
        0,
        15,
        0,
        45,
        30,
        5,
        30,
        12,
        20,
        46,
        20,
        13,
        10,
        33,
        10,
        11,
        10,
        28,
        47,
        9,
        47,
        34,
        47,
        41,
        47,
        31,
        20,
        44,
        47,
        3,
        47,
        40,
        0,
        2,
        10,
        19,
        10,
        36,
        30,
        32,
        10,
        29,
        30,
        26,
        30,
        16,
        30,
        25,
        47,
        1,
        47
    ]
}