{
    "found_at_generation": 27,
    "best_cost": 334933.73818511126,
    "details": {
        "distance": 38445.378924983095,
        "penalty": 296488.35926012817,
        "refuel_stops": 4
    },
    "best_chromosome (giant_tour)": [
        7,
        8,
        37,
        43,
        17,
        6,
        27,
        5,
        36,
        18,
        26,
        16,
        42,
        29,
        35,
        45,
        14,
        39,
        21,
        15,
        40,
        33,
        2,
        22,
        11,
        32,
        19,
        46,
        38,
        31,
        23,
        44,
        34,
        9,
        41,
        25,
        3,
        1,
        28,
        4,
        24,
        13,
        12
    ],
    "full_paths_with_bases": [
        [
            0,
            7,
            8,
            37,
            43,
            17,
            6,
            27,
            5,
            36,
            18,
            26,
            16,
            42,
            29,
            35,
            45,
            14,
            39,
            0,
            21,
            15,
            40,
            33,
            2,
            22,
            11,
            32,
            19,
            46,
            20,
            38,
            31,
            23,
            44,
            34,
            9,
            41,
            47,
            25,
            3,
            1,
            28,
            4,
            24,
            13,
            10,
            12,
            20
        ]
    ]
}