{
    "generation": 2000,
    "best_cost": 809562.5024335297,
    "details": {
        "distance": 72113.8841562205,
        "penalty": 737448.6182773092,
        "refuel_stops": 8
    },
    "best_chromosome (delivery_order)": [
        39,
        35,
        5,
        42,
        18,
        36,
        27,
        6,
        17,
        4,
        3,
        9,
        34,
        44,
        23,
        38,
        33,
        40,
        15,
        14,
        22,
        43,
        45,
        32,
        37,
        8,
        7,
        24,
        12,
        2,
        21,
        28,
        41,
        31,
        19,
        11,
        46,
        29,
        26,
        16,
        13,
        25,
        1
    ],
    "full_path_with_bases": [
        0,
        39,
        35,
        5,
        42,
        18,
        36,
        27,
        6,
        17,
        30,
        4,
        47,
        3,
        9,
        34,
        44,
        23,
        47,
        38,
        33,
        40,
        15,
        14,
        22,
        10,
        43,
        45,
        32,
        37,
        8,
        7,
        0,
        24,
        12,
        2,
        21,
        28,
        47,
        41,
        31,
        19,
        11,
        46,
        20,
        29,
        26,
        16,
        13,
        10,
        25,
        1,
        47
    ]
}