{
    "generation": 1,
    "best_cost": 4612275.723262565,
    "details": {
        "distance": 119653.50443785945,
        "penalty": 4492622.218824706,
        "refuel_stops": 14
    },
    "best_chromosome (giant_tour)": [
        27,
        17,
        32,
        18,
        26,
        36,
        11,
        22,
        9,
        19,
        43,
        14,
        45,
        24,
        15,
        13,
        3,
        39,
        6,
        2,
        46,
        21,
        8,
        7,
        12,
        31,
        44,
        34,
        4,
        37,
        5,
        40,
        35,
        16,
        42,
        25,
        38,
        28,
        1,
        41,
        23,
        29,
        33
    ],
    "full_paths_with_bases": [
        [
            0,
            27,
            17,
            32,
            18,
            26,
            36,
            11,
            10,
            22,
            9,
            47,
            19,
            43,
            14,
            45,
            30,
            24,
            15,
            13,
            10,
            3,
            47,
            39,
            6,
            2,
            10,
            46,
            21,
            8,
            7,
            12,
            20,
            31,
            44,
            34,
            4,
            47,
            37,
            5,
            30,
            40,
            35,
            30,
            16,
            42,
            30,
            25,
            47,
            38,
            28,
            1,
            41,
            23,
            47,
            29,
            30,
            33,
            10
        ]
    ]
}