{
    "generation": 8000,
    "best_cost": 617779.8941090752,
    "details": {
        "distance": 58576.21925610571,
        "penalty": 559203.6748529695,
        "refuel_stops": 7
    },
    "best_chromosome (delivery_order)": [
        39,
        17,
        5,
        36,
        18,
        42,
        27,
        6,
        43,
        38,
        3,
        34,
        44,
        9,
        23,
        4,
        13,
        33,
        40,
        15,
        22,
        14,
        32,
        45,
        37,
        8,
        7,
        21,
        2,
        11,
        46,
        12,
        24,
        29,
        26,
        16,
        35,
        19,
        31,
        41,
        25,
        1,
        28
    ],
    "full_path_with_bases": [
        0,
        39,
        17,
        5,
        36,
        18,
        42,
        27,
        6,
        43,
        30,
        38,
        47,
        3,
        34,
        44,
        9,
        23,
        4,
        47,
        13,
        33,
        40,
        15,
        22,
        14,
        32,
        45,
        30,
        37,
        8,
        7,
        21,
        2,
        11,
        46,
        12,
        24,
        20,
        29,
        26,
        16,
        35,
        19,
        10,
        31,
        41,
        25,
        1,
        47,
        28,
        47
    ]
}