{
    "generation": 6000,
    "best_cost": 620761.1028820898,
    "details": {
        "distance": 61195.373022641215,
        "penalty": 559565.7298594486,
        "refuel_stops": 7
    },
    "best_chromosome (delivery_order)": [
        39,
        17,
        5,
        36,
        18,
        42,
        27,
        6,
        43,
        38,
        3,
        34,
        44,
        9,
        23,
        4,
        13,
        33,
        40,
        15,
        22,
        14,
        32,
        45,
        37,
        8,
        7,
        21,
        2,
        11,
        46,
        12,
        24,
        19,
        29,
        26,
        16,
        35,
        28,
        1,
        41,
        31,
        25
    ],
    "full_path_with_bases": [
        0,
        39,
        17,
        5,
        36,
        18,
        42,
        27,
        6,
        43,
        30,
        38,
        47,
        3,
        34,
        44,
        9,
        23,
        4,
        47,
        13,
        33,
        40,
        15,
        22,
        14,
        32,
        45,
        30,
        37,
        8,
        7,
        21,
        2,
        11,
        46,
        12,
        24,
        20,
        19,
        29,
        26,
        16,
        35,
        30,
        28,
        1,
        41,
        47,
        31,
        25,
        47
    ]
}