{
    "generation": 4000,
    "best_cost": 715533.8327063893,
    "details": {
        "distance": 67894.40016586498,
        "penalty": 647639.4325405243,
        "refuel_stops": 8
    },
    "best_chromosome (delivery_order)": [
        39,
        35,
        5,
        36,
        18,
        42,
        27,
        6,
        17,
        38,
        44,
        34,
        3,
        9,
        23,
        4,
        33,
        40,
        15,
        13,
        22,
        14,
        32,
        45,
        37,
        8,
        7,
        12,
        2,
        21,
        11,
        46,
        28,
        31,
        19,
        29,
        26,
        16,
        43,
        24,
        41,
        25,
        1
    ],
    "full_path_with_bases": [
        0,
        39,
        35,
        5,
        36,
        18,
        42,
        27,
        6,
        17,
        30,
        38,
        47,
        44,
        34,
        3,
        9,
        23,
        4,
        47,
        33,
        40,
        15,
        13,
        22,
        14,
        32,
        45,
        30,
        37,
        8,
        7,
        12,
        2,
        21,
        11,
        10,
        46,
        28,
        31,
        20,
        19,
        29,
        26,
        16,
        43,
        30,
        24,
        41,
        25,
        47,
        1,
        47
    ]
}