{
    "generation": 6000,
    "best_cost": 40204485.25820408,
    "details": {
        "distance": 133460.9118655573,
        "penalty": 40071024.346338525,
        "refuel_stops": 42
    },
    "best_chromosome (giant_tour)": [
        14,
        38,
        23,
        34,
        44,
        41,
        24,
        12,
        45,
        43,
        21,
        7,
        40,
        33,
        5,
        27,
        35,
        13,
        28,
        4,
        1,
        25,
        15,
        39,
        17,
        6,
        8,
        2,
        9,
        3,
        31,
        19,
        26,
        37,
        18,
        42,
        32,
        22,
        11,
        46,
        29,
        36,
        16
    ],
    "full_paths_with_bases": [
        [
            0,
            0,
            14,
            10,
            38,
            47,
            23,
            47,
            34,
            47,
            44,
            47,
            41,
            47,
            24,
            20,
            12,
            20,
            45,
            30,
            43,
            30,
            21,
            0
        ],
        [
            0,
            7,
            0,
            40,
            0,
            33,
            10,
            5,
            30,
            27,
            30,
            35,
            30,
            13,
            10,
            28,
            47,
            4,
            47,
            1,
            47,
            25,
            47
        ],
        [
            0,
            0,
            15,
            0,
            39,
            0,
            17,
            30,
            6,
            30,
            8,
            0,
            2,
            10,
            9,
            47,
            3,
            47,
            31,
            20,
            19,
            10,
            26,
            30
        ],
        [
            0,
            0,
            37,
            30,
            18,
            30,
            42,
            30,
            32,
            10,
            22,
            10,
            11,
            10,
            46,
            20,
            29,
            30,
            36,
            30,
            16,
            30
        ]
    ]
}