{
    "generation": 1,
    "best_cost": 18449852756.06439,
    "details": {
        "distance": 17329.236246821554,
        "penalty": 18449835426.82814,
        "refuel_stops": 3
    },
    "best_chromosome (delivery_order)": [
        8,
        40,
        17,
        5,
        35,
        7,
        2,
        32,
        23,
        28,
        41,
        44,
        3,
        34,
        33,
        38,
        24,
        26,
        6,
        13,
        19,
        22,
        45,
        15,
        18,
        27,
        12,
        11,
        1,
        9,
        39,
        4,
        21,
        36,
        42,
        14,
        29,
        25,
        47,
        43,
        37,
        31,
        46,
        16
    ],
    "full_path_with_bases": [
        0,
        8,
        40,
        17,
        5,
        35,
        7,
        2,
        32,
        23,
        28,
        41,
        44,
        3,
        34,
        20,
        33,
        38,
        24,
        26,
        6,
        13,
        19,
        22,
        45,
        15,
        18,
        27,
        12,
        11,
        10,
        1,
        9,
        39,
        4,
        21,
        36,
        42,
        14,
        29,
        30,
        25,
        47,
        43,
        37,
        31,
        46,
        16,
        30
    ]
}